UPOS_acc	UPOS_f1	UAS	LAS	north_UPOS_acc	north_UPOS_f1	north_UAS	north_LAS	northcentral_UPOS_acc	northcentral_UPOS_f1	northcentral_UAS	northcentral_LAS	central_UPOS_acc	central_UPOS_f1	central_UAS	central_LAS	southcentral_UPOS_acc	southcentral_UPOS_f1	southcentral_UAS	southcentral_LAS	south_UPOS_acc	south_UPOS_f1	south_UAS	south_LAS	unk_UPOS_acc	unk_UPOS_f1	unk_UAS	unk_LAS	wiki_UPOS_acc	wiki_UPOS_f1	wiki_UAS	wiki_LAS	grammar-examples_UPOS_acc	grammar-examples_UPOS_f1	grammar-examples_UAS	grammar-examples_LAS	fiction_UPOS_acc	fiction_UPOS_f1	fiction_UAS	fiction_LAS	non-fiction_UPOS_acc	non-fiction_UPOS_f1	non-fiction_UAS	non-fiction_LAS	social_UPOS_acc	social_UPOS_f1	social_UAS	social_LAS	ADJ_prec	ADJ_rec	ADP_prec	ADP_rec	ADV_prec	ADV_rec	AUX_prec	AUX_rec	CCONJ_prec	CCONJ_rec	DET_prec	DET_rec	INTJ_prec	INTJ_rec	NOUN_prec	NOUN_rec	NUM_prec	NUM_rec	PART_prec	PART_rec	PRON_prec	PRON_rec	PROPN_prec	PROPN_rec	PUNCT_prec	PUNCT_rec	SCONJ_prec	SCONJ_rec	SYM_prec	SYM_rec	VERB_prec	VERB_rec	X_prec	X_rec
0.8029022166012115	0.6244861855196566	0.7960460627038541	0.6578579511415829	0.7947178871548619	0.6632228038090081	0.78031212484994	0.6194477791116446	0.776796973518285	0.6368555923426859	0.7742749054224464	0.626733921815889	0.8165304268846503	0.6352621953008654	0.828640629730548	0.6924008477141992	0.8292035398230089	0.6698071529274958	0.8309734513274336	0.7	0.785929648241206	0.6723653042262281	0.7748743718592965	0.6371859296482412	0.7990964989333668	0.613463325375641	0.7840381478228134	0.6472581252352867	0.8331246870305459	0.687254929488504	0.8400100150225338	0.7154481722583875	0.7315895372233401	0.5541857805318537	0.7183098591549296	0.5585513078470825	0.8572961373390557	0.6902033013974531	0.8122317596566524	0.694206008583691	0.75037147102526	0.6075684291041931	0.7320455671124318	0.5492818226844973	0.797373358348968	0.598035491931938	0.7686053783614759	0.6404002501563477	0.688413948256468	0.7659574468085106	0.8117569352708058	0.8673253352152435	0.5629411764705883	0.7935323383084577	0.9787535410764873	0.7462203023758099	0.9636871508379888	0.9078947368421053	0.9554794520547946	0.5734840698869476	0.0	0.0	0.8099173553719008	0.8638166593212869	0.8930232558139535	0.8	0.9230769230769231	0.14545454545454545	0.8535309503051438	0.8686779059449867	0.49308300395256915	0.9072727272727272	0.9905749293119699	0.9985748218527316	0.8018867924528302	0.49853372434017595	0.0	0.0	0.818118948824343	0.8113854595336076	0.03488372093023256	0.046875
